Date de sortie,Éditeur,Série,Tome,Titre du tome (facultatif),ISBN-13,Prix (€),Statut,Source officielle (lien),Vérifié le,Couverture (lien),Notes
2026-10-01,Ki-oon,Akane-banashi,16,,9791032723425,"6,95",Paru,https://ki-oon.com/9791032723425-akane-banashi-edition-simple-volume-16,2026-10-09,https://api.ki-oon.com/images/volumes/9791032723425.jpg,Collecte automatique
2026-10-01,Ki-oon,COSMOS,3,,9791032723432,"7,95",Paru,https://ki-oon.com/9791032723432-cosmos-edition-simple-volume-3,2026-10-09,https://api.ki-oon.com/images/volumes/9791032723432.jpg,Collecte automatique
2026-10-01,Ki-oon,Kindergarten Wars,16,,9791032723395,"7,95",Paru,https://ki-oon.com/9791032723395-kindergarten-wars-edition-simple-volume-16,2026-10-09,https://api.ki-oon.com/images/volumes/9791032723395.jpg,Collecte automatique
2026-10-01,Ki-oon,L'Anneau de Gygès,7,,9791032723487,"7,95",Paru,https://ki-oon.com/9791032723487-l-anneau-de-gyges-edition-simple-volume-7,2026-10-09,https://api.ki-oon.com/images/volumes/9791032723487.jpg,Collecte automatique
2026-10-01,Ki-oon,La 13e Piste,3,,9791032723463,"7,95",Paru,https://ki-oon.com/9791032723463-la-13e-piste-edition-simple-volume-3,2026-10-09,https://api.ki-oon.com/images/volumes/9791032723463.jpg,Collecte automatique
2026-10-01,Ki-oon,My Dear Detective,8,,9791032723500,"7,95",Paru,https://ki-oon.com/9791032723500-my-dear-detective-edition-simple-volume-8,2026-10-09,https://api.ki-oon.com/images/volumes/9791032723500.jpg,Collecte automatique
2026-10-01,Ki-oon,Phantom Busters,7,,9791032723418,"6,95",Paru,https://ki-oon.com/9791032723418-phantom-busters-edition-simple-volume-7,2026-10-09,https://api.ki-oon.com/images/volumes/9791032723418.jpg,Collecte automatique
2026-10-01,Ki-oon,Sanda,10,,9791032723494,"6,95",Paru,https://ki-oon.com/9791032723494-sanda-edition-simple-volume-10,2026-10-09,https://api.ki-oon.com/images/volumes/9791032723494.jpg,Collecte automatique
2026-10-01,Ki-oon,The Bugle Call,11,,9791032723456,"7,95",Paru,https://ki-oon.com/9791032723456-the-bugle-call-edition-simple-volume-11,2026-10-09,https://api.ki-oon.com/images/volumes/9791032723456.jpg,Collecte automatique
2026-10-01,Ki-oon,Übel Blatt II,4,,9791032723685,"7,95",Paru,https://ki-oon.com/9791032723685-ubel-blatt-ii-edition-simple-volume-4,2026-10-09,https://api.ki-oon.com/images/volumes/9791032723685.jpg,Collecte automatique
2026-10-01,Ki-oon,Valkyrie Apocalypse,27,,9791032723470,"7,95",Paru,https://ki-oon.com/9791032723470-valkyrie-apocalypse-edition-simple-volume-27,2026-10-09,https://api.ki-oon.com/images/volumes/9791032723470.jpg,Collecte automatique
2026-10-02,Kana,Atom the beginning,22,,9782505142126,,Paru,https://www.kana.fr/produit/atom-the-beginning-t22/,2026-10-09,https://bdi.dlpdomain.com/album/9782505142126-couv-M300x425.jpg,Collecte automatique
2026-10-02,Kana,Gamaran - Le Tournoi Ultime,30,,9782505140535,,Paru,https://www.kana.fr/produit/gamaran-le-tournoi-ultime-t30/,2026-10-09,https://bdi.dlpdomain.com/album/9782505140535-couv-M300x425.jpg,Collecte automatique
2026-10-02,Kana,No Longer Allowed in Another World,12,,9782505142874,,Paru,https://www.kana.fr/produit/no-longer-allowed-in-another-world-t12/,2026-10-09,https://bdi.dlpdomain.com/album/9782505142874-couv-M300x425.jpg,Collecte automatique
2026-10-02,Kana,Shy,30,,9782505143017,,Paru,https://www.kana.fr/produit/shy-t30/,2026-10-09,https://bdi.dlpdomain.com/album/9782505143017-couv-M300x425.jpg,Collecte automatique
2026-10-02,Kana,Whisper it in the Night,2,,9782505141389,,Paru,https://www.kana.fr/produit/yoru-ni-kikasete-t2/,2026-10-09,https://bdi.dlpdomain.com/album/9782505141389-couv-M300x425.jpg,Collecte automatique
2026-10-07,Glénat,Ryukyu Buccaneer,1,,9782344077573,,Paru,https://www.glenat.com/glenat-manga/ryukyu-buccaneer-tome-01-9782344077573/,2026-10-09,https://media.hachette.fr/fit-in/214x346/imgArticle/GLENAT/2026/9782344077573-001-X.jpeg,Collecte automatique
2026-10-09,Kana,"Capitaine Albator – Mémoire de l&rsquo;Arcadia – Intégrale",,,9782505185192,,Annoncé,https://www.kana.fr/produit/capitaine-albator-memoire-de-larcadia-integrale/,2026-10-09,https://bdi.dlpdomain.com/album/9782505185192-couv-M300x425.jpg,Collecte automatique
2026-10-09,Kana,Crows,8,,9782505127611,,Annoncé,https://www.kana.fr/produit/crows-t8/,2026-10-09,https://bdi.dlpdomain.com/album/9782505127611-couv-M300x425.jpg,Collecte automatique
2026-10-09,Kana,Esquisses de nos coeurs en devenir,3,,9782505141310,,Annoncé,https://www.kana.fr/produit/esquisses-de-nos-coeurs-en-devenir-t3/,2026-10-09,https://bdi.dlpdomain.com/album/9782505141310-couv-M300x425.jpg,Collecte automatique
2026-10-09,Kana,Kujô l'implacable,14,,9782505144243,,Annoncé,https://www.kana.fr/produit/kujo-limplacable-t14/,2026-10-09,https://bdi.dlpdomain.com/album/9782505144243-couv-M300x425.jpg,Collecte automatique
2026-10-09,Kana,Ragna Crimson,17,,9782505144649,,Annoncé,https://www.kana.fr/produit/ragna-crimson-t17/,2026-10-09,https://bdi.dlpdomain.com/album/9782505144649-couv-M300x425.jpg,Collecte automatique
2026-10-16,Kana,Rêve ou réalité ?,1,,9782505143444,,Annoncé,https://www.kana.fr/produit/yume-ka-utsutsu-ka-t1/,2026-10-09,https://bdi.dlpdomain.com/album/9782505143444-couv-M300x425.jpg,Collecte automatique
2026-10-16,Kana,Sérénade pour une pluie de larmes,7,,9782505124733,,Annoncé,https://www.kana.fr/produit/serenade-pour-une-pluie-de-larmes-t7/,2026-10-09,https://bdi.dlpdomain.com/album/9782505124733-couv-M300x425.jpg,Collecte automatique
2026-10-30,Kana,Samurai Deeper Kyo Star Edition,10,,,,Annoncé,https://www.kana.fr/produit/samurai-deeper-kyo-star-edition-t10/,2026-10-09,https://www.kana.fr/wp-content/themes/kana/assets/images/kana-default.png?x28173,Collecte automatique
2026-10-30,Kana,Slam Dunk deluxe,17,,9782505143314,,Annoncé,https://www.kana.fr/produit/slam-dunk-deluxe-t17/,2026-10-09,https://bdi.dlpdomain.com/album/9782505143314-couv-M300x425.jpg,Collecte automatique
2026-10-30,Kana,Smoking behind the supermarket with you,7,,9782505144434,,Annoncé,https://www.kana.fr/produit/smoking-behind-the-supermarket-with-you-t7/,2026-10-09,https://bdi.dlpdomain.com/album/9782505144434-couv-M300x425.jpg,Collecte automatique
2026-10-30,Kana,Undead unluck,27,,9782505140030,,Annoncé,https://www.kana.fr/produit/undead-unluck-t27/,2026-10-09,https://bdi.dlpdomain.com/album/9782505140030-couv-M300x425.jpg,Collecte automatique
2026-11-04,Glénat,Bleach - Le jeu de karuta,,,9782344074251,,Annoncé,https://www.glenat.com/glenat-manga/bleach-le-jeu-de-karuta-9782344074251/,2026-10-09,https://media.hachette.fr/fit-in/214x346/imgArticle/GLENAT/2026/9782344074251-001-X.jpeg,Collecte automatique
2026-11-04,Glénat,Bleach Deluxe,2,,9782344074299,,Annoncé,https://www.glenat.com/glenat-manga/bleach-deluxe-tome-02-9782344074299/,2026-10-09,https://media.hachette.fr/fit-in/214x346/imgArticle/GLENAT/2026/9782344074299-001-X.jpeg,Collecte automatique
2026-11-04,Glénat,Dragon Ball - Full Color - Freezer,3,,9782344076620,,Annoncé,https://www.glenat.com/glenat-manga/dragon-ball-full-color-freezer-tome-03-9782344076620/,2026-10-09,https://media.hachette.fr/fit-in/214x346/imgArticle/GLENAT/2026/9782344076620-001-X.jpeg,Collecte automatique
2026-11-04,Glénat,L'amour est dans le thé,13,,9782344076439,,Annoncé,https://www.glenat.com/glenat-manga/lamour-est-dans-le-tome-13-9782344076439/,2026-10-09,https://media.hachette.fr/fit-in/214x346/imgArticle/GLENAT/2026/9782344076439-001-X.jpeg,Collecte automatique
2026-11-04,Glénat,One Piece Vivre Rush,,,9782344074244,,Annoncé,https://www.glenat.com/glenat-manga/one-piece-vivre-rush-9782344074244/,2026-10-09,https://media.hachette.fr/fit-in/214x346/imgArticle/GLENAT/2026/9782344074244-001-X.jpeg,Collecte automatique
2026-11-04,Glénat,Tatari,9,,9782344077252,,Annoncé,https://www.glenat.com/glenat-manga/tatari-tome-09-9782344077252/,2026-10-09,https://media.hachette.fr/fit-in/214x346/imgArticle/GLENAT/2026/9782344077252-001-X.jpeg,Collecte automatique
2026-11-04,Pika,A Couple of Cuckoos,29,,9791043310737,,Annoncé,https://www.pika.fr/livre/couple-cuckoos-t29-9791043310737/,2026-10-09,https://media.hachette.fr/fit-in/214x346/imgArticle/PIKA/2026/9791043310737-001-X.jpeg,Collecte automatique
2026-11-04,Pika,"And yet, you are so sweet",13,,9791043311017,,Annoncé,https://www.pika.fr/livre/and-yet-you-are-so-sweet-t13-9791043311017/,2026-10-09,https://media.hachette.fr/fit-in/214x346/imgArticle/PIKA/2026/9791043311017-001-X.jpeg,Collecte automatique
2026-11-04,Pika,Comment tuer la vilaine,7,,9791043307164,,Annoncé,https://www.pika.fr/livre/comment-tuer-la-vilaine-t07-9791043307164/,2026-10-09,https://media.hachette.fr/fit-in/214x346/imgArticle/PIKA/2026/9791043307164-001-X.jpeg,Collecte automatique
2026-11-04,Pika,Destiny Unchain Online,4,,9791043311338,,Annoncé,https://www.pika.fr/livre/destiny-unchain-online-t04-9791043311338/,2026-10-09,https://media.hachette.fr/fit-in/214x346/imgArticle/PIKA/2026/9791043311338-001-X.jpeg,Collecte automatique
2026-11-04,Pika,L'Atelier des Sorciers,6,L'Atelier des Sorciers T06 Edition Grimoire,9791043301445,,Annoncé,https://www.pika.fr/livre/latelier-des-sorciers-t06-edition-grimoire-9791043301445/,2026-10-09,https://media.hachette.fr/fit-in/214x346/imgArticle/PIKA/2026/9791043301445-001-X.jpeg,Collecte automatique
2026-11-04,Pika,L'Atelier des Sorciers,16,L'Atelier des Sorciers T16 - Collector,9791043311772,,Annoncé,https://www.pika.fr/livre/latelier-des-sorciers-t16-collector-9791043311772/,2026-10-09,https://media.hachette.fr/fit-in/214x346/imgArticle/PIKA/2026/9791043311772-001-X.jpeg,Collecte automatique
2026-11-04,Pika,L'Atelier des Sorciers,16,,9791043311758,,Annoncé,https://www.pika.fr/livre/latelier-des-sorciers-t16-9791043311758/,2026-10-09,https://media.hachette.fr/fit-in/214x346/imgArticle/PIKA/2026/9791043311758-001-X.jpeg,Collecte automatique
2026-11-04,Pika,L'Atelier des Sorciers - La magie créatrice - Artbook luxe,,,9791043307775,,Annoncé,https://www.pika.fr/livre/latelier-des-sorciers-la-magie-creatrice-artbook-luxe-9791043307775/,2026-10-09,https://media.hachette.fr/fit-in/214x346/imgArticle/PIKA/2026/9791043307775-001-X.jpeg,Collecte automatique
2026-11-04,Pika,L'Atelier des Sorciers Coffret,1,L'Atelier des Sorciers Coffret T01 à T03,9791043312298,,Annoncé,https://www.pika.fr/livre/latelier-des-sorciers-coffret-t01-t03-9791043312298/,2026-10-09,https://media.hachette.fr/fit-in/214x346/imgArticle/PIKA/2026/9791043312298-001-X.jpeg,Collecte automatique
2026-11-04,Pika,L'été qu'on n'a jamais quitté,2,,9782811694630,,Annoncé,https://www.pika.fr/livre/lete-quon-na-jamais-quitte-t02-9782811694630/,2026-10-09,https://media.hachette.fr/fit-in/214x346/imgArticle/PIKA/2026/9782811694630-001-X.jpeg,Collecte automatique
2026-11-04,Pika,My Ex-husband's Mad Dog,6,,9791043309182,,Annoncé,https://www.pika.fr/livre/my-ex-husbands-mad-dog-t06-9791043309182/,2026-10-09,https://media.hachette.fr/fit-in/214x346/imgArticle/PIKA/2026/9791043309182-001-X.jpeg,Collecte automatique
2026-11-04,Pika,Rokudenashi Mini Blues,,,9782811668303,,Annoncé,https://www.pika.fr/livre/rokudenashi-mini-blues-9782811668303/,2026-10-09,https://media.hachette.fr/fit-in/214x346/imgArticle/PIKA/2026/9782811668303-001-X.jpeg,Collecte automatique
2026-11-04,Pika,Secret Bodyguard,12,,9791043305313,,Annoncé,https://www.pika.fr/livre/secret-bodyguard-t12-9791043305313/,2026-10-09,https://media.hachette.fr/fit-in/214x346/imgArticle/PIKA/2026/9791043305313-001-X.jpeg,Collecte automatique
2026-11-04,Pika,The World After The Fall,10,,9791043307010,,Annoncé,https://www.pika.fr/livre/world-after-fall-t10-9791043307010/,2026-10-09,https://media.hachette.fr/fit-in/214x346/imgArticle/PIKA/2026/9791043307010-001-X.jpeg,Collecte automatique
2026-11-04,Pika,Veritas Oculis,2,,9782811694050,,Annoncé,https://www.pika.fr/livre/veritas-oculis-t02-9782811694050/,2026-10-09,https://media.hachette.fr/fit-in/214x346/imgArticle/PIKA/2026/9782811694050-001-X.jpeg,Collecte automatique
2026-11-04,Pika,Wistoria - Wand and Sword,14,,9791043311093,,Annoncé,https://www.pika.fr/livre/wistoria-wand-and-sword-t14-9791043311093/,2026-10-09,https://media.hachette.fr/fit-in/214x346/imgArticle/PIKA/2026/9791043311093-001-X.jpeg,Collecte automatique
2026-11-04,Pika,You Rock Me,6,,9791043310997,,Annoncé,https://www.pika.fr/livre/you-rock-me-t06-9791043310997/,2026-10-09,https://media.hachette.fr/fit-in/214x346/imgArticle/PIKA/2026/9791043310997-001-X.jpeg,Collecte automatique
2026-11-05,Ki-oon,Pandora Hearts,9,,9791032723364,16,Annoncé,https://ki-oon.com/9791032723364-pandora-hearts-edition-simple-volume-9,2026-10-09,https://api.ki-oon.com/images/volumes/9791032723364.jpg,Collecte automatique
2026-11-06,Kana,Boruto - Two Blue Vortex,7,,9782505144786,,Annoncé,https://www.kana.fr/produit/boruto-two-blue-vortex-t7/,2026-10-09,https://bdi.dlpdomain.com/album/9782505144786-couv-M300x425.jpg,Collecte automatique
2026-11-06,Kana,DEATH NOTE - BLACK EDITION,7,,9782505142034,,Annoncé,https://www.kana.fr/produit/death-note-black-edition-t7/,2026-10-09,https://bdi.dlpdomain.com/album/9782505142034-couv-M300x425.jpg,Collecte automatique
2026-11-06,Kana,Kagurabachi,11,,9782505144656,,Annoncé,https://www.kana.fr/produit/kagurabachi-t11/,2026-10-09,https://bdi.dlpdomain.com/album/9782505144656-couv-M300x425.jpg,Collecte automatique
2026-11-06,Kana,Saint Seiya Final Edition,9,,9782505144298,,Annoncé,https://www.kana.fr/produit/saint-seiya-final-edition-t9/,2026-10-09,https://bdi.dlpdomain.com/album/9782505144298-couv-M300x425.jpg,Collecte automatique
2026-11-12,Pika,X CLAMP,1,,9782811695927,,Annoncé,https://www.pika.fr/livre/x-clamp-t01-9782811695927/,2026-10-09,https://media.hachette.fr/fit-in/214x346/imgArticle/PIKA/2026/9782811695927-001-X.jpeg,Collecte automatique
2026-11-12,Pika,xxxHolic,11,,9791043311192,,Annoncé,https://www.pika.fr/livre/xxxholic-t11-9791043311192/,2026-10-09,https://media.hachette.fr/fit-in/214x346/imgArticle/PIKA/2026/9791043311192-001-X.jpeg,Collecte automatique
2026-11-13,Kana,Basara (Star Edition),4,,9782505132516,,Annoncé,https://www.kana.fr/produit/basara-star-edition-t4/,2026-10-09,https://bdi.dlpdomain.com/album/9782505132516-couv-M300x425.jpg,Collecte automatique
2026-11-13,Kana,Hell Dogs,1,,9782505128496,,Annoncé,https://www.kana.fr/produit/hell-dogs-t1/,2026-10-09,https://bdi.dlpdomain.com/album/9782505128496-couv-M300x425.jpg,Collecte automatique
2026-11-13,Kana,Quatre frères pour moi !,14,,9782505143543,,Annoncé,https://www.kana.fr/produit/quatre-freres-pour-moi-t14/,2026-10-09,https://bdi.dlpdomain.com/album/9782505143543-couv-M300x425.jpg,Collecte automatique
2026-11-13,Kana,Soara et les bâtisseurs fantastiques,6,,9782505144311,,Annoncé,https://www.kana.fr/produit/soara-et-les-batisseurs-fantastiques-t6/,2026-10-09,https://bdi.dlpdomain.com/album/9782505144311-couv-M300x425.jpg,Collecte automatique
2026-11-18,Glénat,Alice au-delà des étoiles,3,,9782344075722,,Annoncé,https://www.glenat.com/glenat-manga/alice-au-dela-des-etoiles-tome-03-9782344075722/,2026-10-09,https://media.hachette.fr/fit-in/214x346/imgArticle/GLENAT/2026/9782344075722-001-X.jpeg,Collecte automatique
2026-11-18,Glénat,Baby-sitters,26,,9782344077412,,Annoncé,https://www.glenat.com/glenat-manga/baby-sitters-tome-26-9782344077412/,2026-10-09,https://media.hachette.fr/fit-in/214x346/imgArticle/GLENAT/2026/9782344077412-001-X.jpeg,Collecte automatique
2026-11-18,Glénat,Baptism - Édition originale,2,,9782344075258,,Annoncé,https://www.glenat.com/glenat-manga/baptism-edition-originale-tome-02-9782344075258/,2026-10-09,https://media.hachette.fr/fit-in/214x346/imgArticle/GLENAT/2026/9782344075258-001-X.jpeg,Collecte automatique
2026-11-18,Glénat,Berserk - Tarot,,,9782344072011,,Annoncé,https://www.glenat.com/glenat-manga/berserk-tarot-9782344072011/,2026-10-09,https://media.hachette.fr/fit-in/214x346/imgArticle/GLENAT/2026/9782344072011-001-X.jpeg,Collecte automatique
2026-11-18,Glénat,Berserk Prestige,7,,9782344073971,,Annoncé,https://www.glenat.com/glenat-manga/berserk-prestige-tome-07-9782344073971/,2026-10-09,https://media.hachette.fr/fit-in/214x346/imgArticle/GLENAT/2026/9782344073971-001-X.jpeg,Collecte automatique
2026-11-18,Glénat,Ender Geister,18,,9782344074350,,Annoncé,https://www.glenat.com/glenat-manga/ender-geister-tome-18-9782344074350/,2026-10-09,https://media.hachette.fr/fit-in/214x346/imgArticle/GLENAT/2026/9782344074350-001-X.jpeg,Collecte automatique
2026-11-18,Glénat,Fool Night,12,,9782344077931,,Annoncé,https://www.glenat.com/glenat-manga/fool-night-tome-12-9782344077931/,2026-10-09,https://media.hachette.fr/fit-in/214x346/imgArticle/GLENAT/2026/9782344077931-001-X.jpeg,Collecte automatique
2026-11-18,Glénat,Nights With A Cat,8,,9782344076453,,Annoncé,https://www.glenat.com/glenat-manga/nights-cat-tome-08-9782344076453/,2026-10-09,https://media.hachette.fr/fit-in/214x346/imgArticle/GLENAT/2026/9782344076453-001-X.jpeg,Collecte automatique
2026-11-18,Glénat,RedFlower,3,,9782344053508,,Annoncé,https://www.glenat.com/glenat-manga/redflower-tome-03-9782344053508/,2026-10-09,,Collecte automatique
2026-11-18,Glénat,Shangri-la Frontier,22,,9782344072202,,Annoncé,https://www.glenat.com/glenat-manga/shangri-la-frontier-tome-22-9782344072202/,2026-10-09,https://media.hachette.fr/fit-in/214x346/imgArticle/GLENAT/2026/9782344072202-001-X.jpeg,Collecte automatique
2026-11-18,Glénat,Tower Dungeon,5,,9782344075883,,Annoncé,https://www.glenat.com/glenat-manga/tower-dungeon-tome-05-9782344075883/,2026-10-09,https://media.hachette.fr/fit-in/214x346/imgArticle/GLENAT/2026/9782344075883-001-X.jpeg,Collecte automatique
2026-11-18,Glénat,Trillion Game,11,,9782344075845,,Annoncé,https://www.glenat.com/glenat-manga/trillion-game-tome-11-9782344075845/,2026-10-09,https://media.hachette.fr/fit-in/214x346/imgArticle/GLENAT/2026/9782344075845-001-X.jpeg,Collecte automatique
2026-11-18,Pika,Black Shadow,16,,9791043311468,,Annoncé,https://www.pika.fr/livre/black-shadow-t16-9791043311468/,2026-10-09,https://media.hachette.fr/fit-in/214x346/imgArticle/PIKA/2026/9791043311468-001-X.jpeg,Collecte automatique
2026-11-18,Pika,Blade & Bastard,2,Blade & Bastard T02 (roman),9782376320654,,Annoncé,https://www.pika.fr/livre/blade-bastard-t02-roman-9782376320654/,2026-10-09,https://media.hachette.fr/fit-in/214x346/imgArticle/PIKAROMAN/2026/9782376320654-001-X.jpeg,Collecte automatique
2026-11-18,Pika,Blade & Bastard,5,,9791043308529,,Annoncé,https://www.pika.fr/livre/blade-bastard-t05-9791043308529/,2026-10-09,https://media.hachette.fr/fit-in/214x346/imgArticle/PIKA/2026/9791043308529-001-X.jpeg,Collecte automatique
2026-11-18,Pika,"Craque pour moi, Medaka !",16,,9791043310874,,Annoncé,https://www.pika.fr/livre/craque-pour-moi-medaka-t16-9791043310874/,2026-10-09,https://media.hachette.fr/fit-in/214x346/imgArticle/PIKA/2026/9791043310874-001-X.jpeg,Collecte automatique
2026-11-18,Pika,Elle et moi dans l'open space,1,,9782811688219,,Annoncé,https://www.pika.fr/livre/elle-et-moi-dans-lopen-space-t01-9782811688219/,2026-10-09,https://media.hachette.fr/fit-in/214x346/imgArticle/PIKA/2026/9782811688219-001-X.jpeg,Collecte automatique
2026-11-18,Pika,Gachiakuta,18,,9791043311710,,Annoncé,https://www.pika.fr/livre/gachiakuta-t18-9791043311710/,2026-10-09,https://media.hachette.fr/fit-in/214x346/imgArticle/PIKA/2026/9791043311710-001-X.jpeg,Collecte automatique
2026-11-18,Pika,Goddesses Cafe Terrace,21,,9791043310959,,Annoncé,https://www.pika.fr/livre/goddesses-cafe-terrace-t21-9791043310959/,2026-10-09,https://media.hachette.fr/fit-in/214x346/imgArticle/PIKA/2026/9791043310959-001-X.jpeg,Collecte automatique
2026-11-18,Pika,Humanimals,13,,9791043311505,,Annoncé,https://www.pika.fr/livre/humanimals-t13-9791043311505/,2026-10-09,https://media.hachette.fr/fit-in/214x346/imgArticle/PIKA/2026/9791043311505-001-X.jpeg,Collecte automatique
2026-11-18,Pika,L'Épouse damnée et le chasseur de démons,7,,9791043310775,,Annoncé,https://www.pika.fr/livre/lepouse-damnee-et-le-chasseur-de-demons-t07-9791043310775/,2026-10-09,https://media.hachette.fr/fit-in/214x346/imgArticle/PIKA/2026/9791043310775-001-X.jpeg,Collecte automatique
2026-11-18,Pika,"La vraie, c'est moi !",4,,9791043309311,,Annoncé,https://www.pika.fr/livre/la-vraie-cest-moi-t04-9791043309311/,2026-10-09,https://media.hachette.fr/fit-in/214x346/imgArticle/PIKA/2026/9791043309311-001-X.jpeg,Collecte automatique
2026-11-18,Pika,Le harem de l'impératrice,5,,9782811692858,,Annoncé,https://www.pika.fr/livre/le-harem-de-limperatrice-t05-9782811692858/,2026-10-09,https://media.hachette.fr/fit-in/214x346/imgArticle/PIKA/2026/9782811692858-001-X.jpeg,Collecte automatique
2026-11-18,Pika,Midnight Heart Tune,3,,9782811698638,,Annoncé,https://www.pika.fr/livre/midnight-heart-tune-t03-9782811698638/,2026-10-09,https://media.hachette.fr/fit-in/214x346/imgArticle/PIKA/2026/9782811698638-001-X.jpeg,Collecte automatique
2026-11-18,Pika,No Longer Rangers,17,,9791043311055,,Annoncé,https://www.pika.fr/livre/embargo-9791043311055/,2026-10-09,https://media.hachette.fr/fit-in/214x346/imgArticle/PIKA/2026/9791043311055-001-X.jpeg,Collecte automatique
2026-11-18,Pika,Second Life Ranker,4,,9791043307225,,Annoncé,https://www.pika.fr/livre/second-life-ranker-t04-9791043307225/,2026-10-09,https://media.hachette.fr/fit-in/214x346/imgArticle/PIKA/2026/9791043307225-001-X.jpeg,Collecte automatique
2026-11-18,Pika,Stranger Case,24,,9791043310911,,Annoncé,https://www.pika.fr/livre/stranger-case-t24-9791043310911/,2026-10-09,https://media.hachette.fr/fit-in/214x346/imgArticle/PIKA/2026/9791043310911-001-X.jpeg,Collecte automatique
2026-11-18,Pika,The Warrior Princess and the Barbaric King,11,,9791043311888,,Annoncé,https://www.pika.fr/livre/warrior-princess-and-barbaric-king-t11-9791043311888/,2026-10-09,https://media.hachette.fr/fit-in/214x346/imgArticle/PIKA/2026/9791043311888-001-X.jpeg,Collecte automatique
2026-11-19,Ki-oon,Les Carnets de l'apothicaire,17,,9791032723548,"34,9",Annoncé,https://ki-oon.com/9791032723548-les-carnets-de-l-apothicaire-edition-simple-volume-17,2026-10-09,https://api.ki-oon.com/images/volumes/9791032723548.jpg,Collecte automatique
2026-11-20,Kana,Mujina into the deep,4,,,,Annoncé,https://www.kana.fr/produit/mujina-into-the-deep-t4/,2026-10-09,https://www.kana.fr/wp-content/themes/kana/assets/images/kana-default.png?x28173,Collecte automatique
2026-11-20,Kana,Tôgen Anki - La légende du sang maudit,28,,9782505142973,,Annoncé,https://www.kana.fr/produit/togen-anki-la-legende-du-sang-maudit-t28/,2026-10-09,https://bdi.dlpdomain.com/album/9782505142973-couv-M300x425.jpg,Collecte automatique
2026-11-20,Kana,Yu-Gi-Oh! – Édition Millénium,3,,9782505143062,,Annoncé,https://www.kana.fr/produit/yu-gi-oh-edition-millenium-t3/,2026-10-09,https://bdi.dlpdomain.com/album/9782505143062-couv-M300x425.jpg,Collecte automatique
2026-11-27,Kana,Beet the Vandel Buster,18,,,,Annoncé,https://www.kana.fr/produit/beet-the-vandel-buster-t18/,2026-10-09,https://www.kana.fr/wp-content/themes/kana/assets/images/kana-default.png?x28173,Collecte automatique
2026-11-27,Kana,Dong-Hua-Chun Barbershop,2,,9782505130710,,Annoncé,https://www.kana.fr/produit/dong-hua-chun-barbershop-t2/,2026-10-09,https://bdi.dlpdomain.com/album/9782505130710-couv-M300x425.jpg,Collecte automatique
2026-11-27,Kana,Manga Issho,8,,,,Annoncé,https://www.kana.fr/produit/manga-issho-8/,2026-10-09,https://www.kana.fr/wp-content/themes/kana/assets/images/kana-default.png?x28173,Collecte automatique
2026-12-02,Glénat,One Piece - Édition originale,114,,9782344071137,,Annoncé,https://www.glenat.com/glenat-manga/one-piece-edition-originale-tome-114-9782344071137/,2026-10-09,https://media.hachette.fr/fit-in/214x346/imgArticle/GLENAT/2026/9782344071137-001-X.jpeg,Collecte automatique
2026-12-02,Pika,A Villainess for the Tyrant,3,,9782811688813,,Annoncé,https://www.pika.fr/livre/villainess-tyrant-t03-9782811688813/,2026-10-09,https://media.hachette.fr/fit-in/214x346/imgArticle/PIKA/2026/9782811688813-001-X.jpeg,Collecte automatique
2026-12-02,Pika,Air Gear Unlimited,10,,9791043301148,,Annoncé,https://www.pika.fr/livre/air-gear-unlimited-t10-9791043301148/,2026-10-09,https://media.hachette.fr/fit-in/214x346/imgArticle/PIKA/2026/9791043301148-001-X.jpeg,Collecte automatique
2026-12-02,Pika,Angel Sanctuary,4,Angel Sanctuary T04 - Tokyo Chronos,9791043311901,,Annoncé,https://www.pika.fr/livre/angel-sanctuary-t04-tokyo-chronos-9791043311901/,2026-10-09,https://media.hachette.fr/fit-in/214x346/imgArticle/PIKA/2026/9791043311901-001-X.jpeg,Collecte automatique
2026-12-02,Pika,Angel Sanctuary,4,,9782811698362,,Annoncé,https://www.pika.fr/livre/angel-sanctuary-t04-9782811698362/,2026-10-09,https://media.hachette.fr/fit-in/214x346/imgArticle/PIKA/2026/9782811698362-001-X.jpeg,Collecte automatique
2026-12-02,Pika,"Anyway, I'm falling in love with you",12,,9791043311376,,Annoncé,https://www.pika.fr/livre/anyway-im-falling-love-you-t12-9791043311376/,2026-10-09,https://media.hachette.fr/fit-in/214x346/imgArticle/PIKA/2026/9791043311376-001-X.jpeg,Collecte automatique
2026-12-02,Pika,Bless,8,,9791043311642,,Annoncé,https://www.pika.fr/livre/bless-t08-9791043311642/,2026-10-09,https://media.hachette.fr/fit-in/214x346/imgArticle/PIKA/2026/9791043311642-001-X.jpeg,Collecte automatique
2026-12-02,Pika,Blue Lock,36,,9791043311277,,Annoncé,https://www.pika.fr/livre/blue-lock-t36-9791043311277/,2026-10-09,https://media.hachette.fr/fit-in/214x346/imgArticle/PIKA/2026/9791043311277-001-X.jpeg,Collecte automatique
2026-12-02,Pika,Blue Period,19,,9791043312243,,Annoncé,https://www.pika.fr/livre/blue-period-t19-9791043312243/,2026-10-09,https://media.hachette.fr/fit-in/214x346/imgArticle/PIKA/2026/9791043312243-001-X.jpeg,Collecte automatique
2026-12-02,Pika,Dead Rock,6,,9791043311291,,Annoncé,https://www.pika.fr/livre/dead-rock-t06-9791043311291/,2026-10-09,https://media.hachette.fr/fit-in/214x346/imgArticle/PIKA/2026/9791043311291-001-X.jpeg,Collecte automatique
2026-12-02,Pika,Fairy Tail - 100 Years Quest,23,,9791043312014,,Annoncé,https://www.pika.fr/livre/fairy-tail-100-years-quest-t23-9791043312014/,2026-10-09,https://media.hachette.fr/fit-in/214x346/imgArticle/PIKA/2026/9791043312014-001-X.jpeg,Collecte automatique
2026-12-02,Pika,"Fall in Love, False Angels",5,,9791043310836,,Annoncé,https://www.pika.fr/livre/fall-love-false-angels-t05-9791043310836/,2026-10-09,https://media.hachette.fr/fit-in/214x346/imgArticle/PIKA/2026/9791043310836-001-X.jpeg,Collecte automatique
2026-12-02,Pika,Fungus and Iron,2,,9791043310751,,Annoncé,https://www.pika.fr/livre/fungus-and-iron-t02-9791043310751/,2026-10-09,https://media.hachette.fr/fit-in/214x346/imgArticle/PIKA/2026/9791043310751-001-X.jpeg,Collecte automatique
2026-12-02,Pika,Galaxias,3,,9791043308659,,Annoncé,https://www.pika.fr/livre/galaxias-t03-9791043308659/,2026-10-09,https://media.hachette.fr/fit-in/214x346/imgArticle/PIKA/2026/9791043308659-001-X.jpeg,Collecte automatique
2026-12-02,Pika,How I Married an Amagami Sister,22,,9791043311253,,Annoncé,https://www.pika.fr/livre/how-i-married-amagami-sister-t22-9791043311253/,2026-10-09,https://media.hachette.fr/fit-in/214x346/imgArticle/PIKA/2026/9791043311253-001-X.jpeg,Collecte automatique
2026-12-02,Pika,Kaijin Fugeki - Kindled Spirits,8,,9791043312229,,Annoncé,https://www.pika.fr/livre/kaijin-fugeki-kindled-spirits-t08-9791043312229/,2026-10-09,https://media.hachette.fr/fit-in/214x346/imgArticle/PIKA/2026/9791043312229-001-X.jpeg,Collecte automatique
2026-12-02,Pika,Komi cherche ses mots,28,,9791043311482,,Annoncé,https://www.pika.fr/livre/komi-cherche-ses-mots-t28-9791043311482/,2026-10-09,https://media.hachette.fr/fit-in/214x346/imgArticle/PIKA/2026/9791043311482-001-X.jpeg,Collecte automatique
2026-12-02,Pika,Marriage of Convenience,6,,9791043309151,,Annoncé,https://www.pika.fr/livre/marriage-convenience-t06-9791043309151/,2026-10-09,https://media.hachette.fr/fit-in/214x346/imgArticle/PIKA/2026/9791043309151-001-X.jpeg,Collecte automatique
2026-12-02,Pika,Miss Fantasmes,8,,9791043312205,,Annoncé,https://www.pika.fr/livre/miss-fantasmes-t08-9791043312205/,2026-10-09,https://media.hachette.fr/fit-in/214x346/imgArticle/PIKA/2026/9791043312205-001-X.jpeg,Collecte automatique
2026-12-02,Pika,Nano Machine,5,,9791043309236,,Annoncé,https://www.pika.fr/livre/nano-machine-t05-9791043309236/,2026-10-09,https://media.hachette.fr/fit-in/214x346/imgArticle/PIKA/2026/9791043309236-001-X.jpeg,Collecte automatique
2026-12-02,Pika,Nodame Cantabile,13,,9782811684488,,Annoncé,https://www.pika.fr/livre/nodame-cantabile-t13-9782811684488/,2026-10-09,https://media.hachette.fr/fit-in/214x346/imgArticle/PIKA/2026/9782811684488-001-X.jpeg,Collecte automatique
2026-12-02,Pika,Shimazaki in the Land of Peace,6,,9791043308697,,Annoncé,https://www.pika.fr/livre/shimazaki-land-peace-t06-9791043308697/,2026-10-09,https://media.hachette.fr/fit-in/214x346/imgArticle/PIKA/2026/9791043308697-001-X.jpeg,Collecte automatique
2026-12-02,Pika,SSS Class Revival Hunter,2,,9782811682019,,Annoncé,https://www.pika.fr/livre/sss-class-revival-hunter-t02-9782811682019/,2026-10-09,,Collecte automatique
2026-12-02,Pika,Versus,7,,9791043312267,,Annoncé,https://www.pika.fr/livre/versus-t07-9791043312267/,2026-10-09,https://media.hachette.fr/fit-in/214x346/imgArticle/PIKA/2026/9791043312267-001-X.jpeg,Collecte automatique
2026-12-02,Pika,Viral Hit,8,,9782811693046,,Annoncé,https://www.pika.fr/livre/viral-hit-t08-9782811693046/,2026-10-09,,Collecte automatique
2026-12-02,Pika,Wind Breaker,25,,9791043311802,,Annoncé,https://www.pika.fr/livre/wind-breaker-t25-9791043311802/,2026-10-09,https://media.hachette.fr/fit-in/214x346/imgArticle/PIKA/2026/9791043311802-001-X.jpeg,Collecte automatique
2026-12-02,Pika,You're my soulmate,8,,9791043311789,,Annoncé,https://www.pika.fr/livre/youre-my-soulmate-t08-9791043311789/,2026-10-09,https://media.hachette.fr/fit-in/214x346/imgArticle/PIKA/2026/9791043311789-001-X.jpeg,Collecte automatique
2026-12-04,Kana,Gamaran - Le Tournoi Ultime,31,,,,Annoncé,https://www.kana.fr/produit/gamaran-le-tournoi-ultime-t31/,2026-10-09,https://www.kana.fr/wp-content/themes/kana/assets/images/kana-default.png?x28173,Collecte automatique
2026-12-04,Kana,Hunter X Hunter,39,,,,Annoncé,https://www.kana.fr/produit/hunter-x-hunter-t39/,2026-10-09,https://www.kana.fr/wp-content/themes/kana/assets/images/kana-default.png?x28173,Collecte automatique
2026-12-04,Kana,March comes in like a lion,18,,,,Annoncé,https://www.kana.fr/produit/march-comes-in-like-a-lion-t18/,2026-10-09,https://www.kana.fr/wp-content/themes/kana/assets/images/kana-default.png?x28173,Collecte automatique
2026-12-04,Kana,Mission: Yozakura family,29,,,,Annoncé,https://www.kana.fr/produit/mission-yozakura-family-t29/,2026-10-09,https://www.kana.fr/wp-content/themes/kana/assets/images/kana-default.png?x28173,Collecte automatique
2026-12-04,Kana,Princesse Puncheuse,10,,,,Annoncé,https://www.kana.fr/produit/princesse-puncheuse-t10/,2026-10-09,https://www.kana.fr/wp-content/themes/kana/assets/images/kana-default.png?x28173,Collecte automatique
2026-12-04,Kana,Saint Seiya Rerise of Poseidon,2,,,,Annoncé,https://www.kana.fr/produit/saint-seiya-rerise-of-poseidon-t2/,2026-10-09,https://www.kana.fr/wp-content/themes/kana/assets/images/kana-default.png?x28173,Collecte automatique
2026-12-04,Kana,Show-ha Shoten,10,,,,Annoncé,https://www.kana.fr/produit/show-ha-shoten-t10/,2026-10-09,https://www.kana.fr/wp-content/themes/kana/assets/images/kana-default.png?x28173,Collecte automatique
2026-12-04,Kana,Silence,8,,,,Annoncé,https://www.kana.fr/produit/silence-tome-8/,2026-10-09,https://www.kana.fr/wp-content/themes/kana/assets/images/kana-default.png?x28173,Collecte automatique
2026-12-04,Kana,Tokyo Aliens,12,,,,Annoncé,https://www.kana.fr/produit/tokyo-aliens-t12/,2026-10-09,https://www.kana.fr/wp-content/themes/kana/assets/images/kana-default.png?x28173,Collecte automatique
2026-12-11,Kana,Apprenti Criminel,10,,,,Annoncé,https://www.kana.fr/produit/apprenti-criminel-t10/,2026-10-09,https://www.kana.fr/wp-content/themes/kana/assets/images/kana-default.png?x28173,Collecte automatique
2026-12-11,Kana,Atom the beginning,23,,,,Annoncé,https://www.kana.fr/produit/atom-the-beginning-t23/,2026-10-09,https://www.kana.fr/wp-content/themes/kana/assets/images/kana-default.png?x28173,Collecte automatique
2026-12-11,Kana,Blades of the Guardians,4,,,,Annoncé,https://www.kana.fr/produit/blades-of-the-guardians-t4/,2026-10-09,https://www.kana.fr/wp-content/themes/kana/assets/images/kana-default.png?x28173,Collecte automatique
2026-12-11,Kana,Kohva,3,,,,Annoncé,https://www.kana.fr/produit/kohva-t3/,2026-10-09,https://www.kana.fr/wp-content/themes/kana/assets/images/kana-default.png?x28173,Collecte automatique
2026-12-11,Kana,Le Secret de Scarecrow,6,,,,Annoncé,https://www.kana.fr/produit/le-secret-de-scarecrow-t6/,2026-10-09,https://www.kana.fr/wp-content/themes/kana/assets/images/kana-default.png?x28173,Collecte automatique
2026-12-11,Kana,Samurai Deeper Kyo Star Edition,11,,,,Annoncé,https://www.kana.fr/produit/samurai-deeper-kyo-star-edition-t11/,2026-10-09,https://www.kana.fr/wp-content/themes/kana/assets/images/kana-default.png?x28173,Collecte automatique
2026-12-11,Kana,The Kingdoms of Ruin,13,,,,Annoncé,https://www.kana.fr/produit/the-kingdoms-of-ruin-t13/,2026-10-09,https://www.kana.fr/wp-content/themes/kana/assets/images/kana-default.png?x28173,Collecte automatique
